"Sessão","Horário","Sala","Título","Apresentador(a)","Orientador(a)"
"Manhã 1 (08:30)","08:30","E1","APRIMORAMENTO DE UMA BASE DE ANOTAÇÕES DE VARIANTES GENÉTICAS DE L1 EM DISTÚRBIOS DO NEURODESENVOLVIMENTO","Victor Angelo Legat Cerqueira","Adriano Ferrasa"
"Manhã 1 (08:30)","08:45","E1","EQUAÇÕES DE DIFUSÃO NÃO-LINEARES E DIFUSÃO ANÔMALA","Manuela Bertelli Dimbarre","Aloisi Somer"
"Manhã 1 (08:30)","09:00","E1","SÍNTESE, CARACTERIZAÇÃO E AVALIAÇÃO DA CITOTOXICIDADE DE METOXICHALCONAS COMO POTENCIAIS ANTIMELANOGÊNICOS","Ana Elisa Garcia Evers","Barbara Celânia Fiorin"
"Manhã 1 (08:30)","09:15","E1","TENACIDADE À FRATURA POR INDENTAÇÃO DE VITROCERÂMICAS DE DISSILICATO DE LÍTIO","Abner Vinicius Oles de Mello","Francisco Carlos Serbena"
"Manhã 1 (08:30)","09:30","E1","A ótica geométrica de Cruz aplicada a lentes bola.","Joao Vitor de Resende","Gerson Kniphoff da Cruz"
"Manhã 1 (08:30)","09:45","E1","Dinâmica não Linear e caos transiente em um pêndulo dissipativo","Gabriel Felipe Wilchak Queieoz","José Danilo Szezech Júnior"
"Manhã 1 (08:30)","08:30","E2","PRODUÇÃO DE BEADS DE ALGINATO FUNCIONALIZADOS COM NANOPARTÍCULAS METÁLICAS.","Alex dos Santos Kusdra da Silva","Adriano Gonçalves Viana"
"Manhã 1 (08:30)","08:45","E2","REPRODUÇÃO DE SINAIS DE ELETROCARDIOGRAMAS","Renata Nadal Bayer","Antonio Marcos Batista"
"Manhã 1 (08:30)","09:00","E2","ANÁLISE ESTATÍSTICA E ELABORAÇÃO DE DASHBOARD COM AS INFORMAÇÕES DE PRODUÇÃO CIENTÍFICA DOS SETORES E DEPARTAMENTOS DA UEPG","Joao Vitor Tomadon Daciuk","Deyse Márcia Pacheco Gebert"
"Manhã 1 (08:30)","09:15","E2","Equações diferenciais parabólicas","Elton Mateus Neves","Leonardo Pires"
"Manhã 1 (08:30)","09:30","E2","Entre Estrelas e Mitos: Um Estudo sobre a Etnoastronomia dos Povos Indígenas Brasileiros","Vitoria Freitas Caetano de Oliveira","Marcelo Emilio"
"Manhã 1 (08:30)","09:45","E2","DETERMINAÇÃO DE FENÓIS TOTAIS E METAIS PESADOS EM CERVEJAS ARTESANAIS DE PONTA GROSSA","Emelly Erna Schuller","Sandro Xavier de Campos"
"Manhã 1 (08:30)","08:30","E3","Implementação de uma Interface de Apoio para Uso em Pacotes de Química Computacional","Isabelly dos Santos Pacheco","Alexandre Camilo Júnior"
"Manhã 1 (08:30)","08:45","E3","ESTUDO DO CÂNCER NO CONTEXTO DA MECÂNICA QUÂNTICA","Ana Beatriz de Oliveira","Antonio Sérgio Magalhães de Castro"
"Manhã 1 (08:30)","09:00","E3","MOTIVAÇÃO AO CÁLCULO FRACIONÁRIO COM APLICAÇÃO.","DANYEL SILVA GAVET","Jocemar de Quadros Chagas"
"Manhã 1 (08:30)","09:15","E3","ANÁLISE DE DADOS MULTIDIMENSIONAIS PARA PREDIÇÃO DE SAFRAS","Gustavo Guse Martins","Maria Salete Marcon Gomes Vaz"
"Manhã 1 (08:30)","09:30","E3","CONSTRUÇÃO E CARACTERIZAÇÃO DE ELETRODOS DE DIFUSÃO GASOSA OBTIDOS A PARTIR DE RESÍDUOS SÓLIDOS","Paula Aparecida de Lima","Suellen Aparecida Alves"
"Manhã 1 (08:30)","09:45","E3","REMOÇÃO DE CORANTES  EM EFLUENTES UTILIZANDO  FOTOCATALISADOR ZNO RECUPERADO DE PILHAS","Elisa Frandini dos Santos","Éder Carlos Ferreira de Souza"
"Manhã 1 (08:30)","08:30","E4","O FENÔMENO EL NIÑO DE 2023-2024 E SEUS IMPACTOS NAS CHUVAS EM PONTA GROSSA, PR","Giovanna Oliveira dos Santos","Airton Kist"
"Manhã 1 (08:30)","08:45","E4","ACERVO GEMOLÓGICO DO MUSEU DE CIÊNCIAS NATURAIS DA UEPG - CATALOGAÇÃO E TRANSPOSIÇÃO DIDÁTICA","Layane Michalowski Teixeira","Antonio Liccardo"
"Manhã 1 (08:30)","09:00","E4","PREPARAÇÃO E CARACTERIZAÇÃO DE ELETRODOS COM SUPERFÍCIES MODIFICADAS COM NANOPARTÍCULAS METÁLICAS OBTIDAS POR SÍNTESE VERDE","Thaylla Cruz Oliveira","Christiana Andrade Pessôa"
"Manhã 1 (08:30)","09:15","E4","INFLUÊNCIA DE DIFERENTES PROTOCOLOS NO CLAREAMENTO DE CONSULTÓRIO: PENETRAÇÃO DE PERÓXIDO DE HIDROGÊNIO E EFICÁCIA CLAREADORA","Rafaela Tramontin","Christiane Philippini Ferreira Borges"
"Manhã 1 (08:30)","09:30","E4","SÍNTESE, CARACTERIZAÇÃO E ESTUDO COMPARATIVO DE UMA SÉRIE DE COMPLEXOS CATIÔNICOS DE RUTÊNIO(II)-ARENO-TRIARILFOSFINA","Jully Sthefani Domareski da Silva","Karen Wohnrath"
"Manhã 1 (08:30)","09:45","E4","AVALIAÇÃO E VALORIZAÇÃO DE ACESSO DE  Ipomoea batatas    (L.) Lam NA PRODUÇÃO DE BIOCOMBUSTÍVEIS","Matheus Jose Prestes","Sandra Regina Masetto Antunes"
"Manhã 2 (10:00)","10:00","E1","DESENVOLVIMENTO DE UMA BASE DE ELEMENTOS TRANSPONÍVEIS DO GENOMA PARA APLICAÇÃO EM TREINAMENTO E TESTES DE REDES NEURAIS ARTIFICIAIS","Caroline Heloise de Oliveira","Adriano Ferrasa"
"Manhã 2 (10:00)","10:15","E1","UTILIZAÇÃO DO FARELO E DO CARVÃO ATIVADO DE CASCA DE PINHÃO COMO BIOSORVENTE PARA CORANTES CATIÔNICOS E ANIÔNICOS.","Samanta Aparecida Inacio da Silva","Adriano Gonçalves Viana"
"Manhã 2 (10:00)","10:30","E1","OBTENÇÃO DE PARÂMETROS FRACIONÁRIOS UTILIZANDO MACHINE LEARNING NA ANÁLISE DO SINAL FOTOACÚSTICO","Gabriel Burack Rosa","Aloisi Somer"
"Manhã 2 (10:00)","10:45","E1","ESTUDO DE DISPAROS NEURONAIS   CONSIDERANDO O MODELO HODGKIN-HUXLEY","Juliano Zimmermann Ferreira","Antonio Marcos Batista"
"Manhã 2 (10:00)","11:00","E1","Identificação de moléculas pré-biótcas em regiões de formação estelar","Moises Garcia da Silva","Marcelo Emilio"
"Manhã 2 (10:00)","11:15","E1","CATALISADORES  OBTIDOS DE DIFERENTES FONTES PARA  PROCESSOS DE  REMOÇÃO DE MOLÉCULAS ORGÂNICAS","Valeria Engel de Camargo","Éder Carlos Ferreira de Souza"
"Manhã 2 (10:00)","10:00","E2","SÍNTESE, CARACTERIZAÇÃO E ESTUDO ADMET DAS PIRAZOLINAS 5-(FURANO-2-IL)-3-(3-NITROFENIL)-4,5-DIIDRO-1H-PIRAZOL-1-CARBOXAMIDA E 5-(FURANO-2-IL)-3-(4-NITROFENIL)-4,5-DIIDRO-1H-PIRAZOL-1-CARBOXAMIDA","Vitoria Eloisa Ribeiro","Barbara Celânia Fiorin"
"Manhã 2 (10:00)","10:15","E2","UTILIZAÇÃO DE POLIELETRÓLITOS DO TIPO SILSESQUIOXANO MODIFICADOS COM NANOPARTICULAS METÁLICAS PARA A CONSTRUÇÃO DE SENSORES ELETROQUÍMICOS","Thaynara Luizy Bobato","Christiana Andrade Pessôa"
"Manhã 2 (10:00)","10:30","E2","HIDROGÉIS DE PECTINA QUIMICAMENTE RETICULADOS: EFEITO DA COMPOSIÇÃO NAS PROPRIEDADES DO MATERIAL","Raisa Milena de Souza Kuhn","Ernandes Taveira Tenório Neto"
"Manhã 2 (10:00)","10:45","E2","Tópicos de Cálculo Fracionário","Gustavo Borges Machado","Jocemar de Quadros Chagas"
"Manhã 2 (10:00)","11:00","E2","PADRÕES DE METADADOS NA ANÁLISE DA QUALIDADE DA PRODUÇÃO DO TRIGO","Guilherme Bastos Alves","Maria Salete Marcon Gomes Vaz"
"Manhã 2 (10:00)","11:15","E2","DESENVOLVIMENTO DE TECNOLOGIAS AMBIENTAIS PARA DEGRADAÇÃO E DETECÇÃO DE DISRUPTOR ENDÓCRINO","Luiz Othavio Roldan de Souza","Suellen Aparecida Alves"
"Manhã 2 (10:00)","10:00","E3","AVALIAÇÃO DE TECIDOS BIOLÓGICOS EX VIVO POR DINÂMICA DE RELAXAÇÃO TÉRMICA","Gabrielly de Mattos Dias da Silva","Andressa Novatski"
"Manhã 2 (10:00)","10:15","E3","Caminhadas quânticas: propriedades e aplicações","Maria Eduarda Oshiro Paixao","Fabiano Manoel de Andrade"
"Manhã 2 (10:00)","10:30","E3","MODIFICAÇÃO DE UM AÇO AUSTENÍTICO POR PLASMA EM POTENCIAL FLUTUANTE","Fernanda Rodrigues Spanserki","Gelson Biscaia de Souza"
"Manhã 2 (10:00)","10:45","E3","Teoria Avançada de Matrizes: Uma investigação de técnicas e propriedades especiais","Ana Caroline da Silva","Marciano Pereira"
"Manhã 2 (10:00)","11:00","E3","DESENVOLVIMENTO E AVALIAÇÃO DE SANEANTES SUSTENTÁVEIS COM BASE EM RECURSOS RENOVÁVEIS","Mariane Grube Vargas","Patrícia Los Weinert"
"Manhã 2 (10:00)","11:15","E3","AVALIAÇÃO DO MÉTODO DE ESPECTROFOTOMETRIA UVVIS PARA DETERMINAÇÃO DE TRICLOSAN EM AMOSTRAS DE ÁGUA","Alisson Machado Taborda","Sandro Xavier de Campos"
"Manhã 2 (10:00)","10:00","E4","O fenômeno El Niño de 2023-2024 e seus impactos  as  chuvas do Paraná","Nicoli Stanski Rupel","Airton Kist"
"Manhã 2 (10:00)","10:15","E4","ACERVO DE METEORÍTICA NO MUSEU DE CIÊNCIAS NATURAIS DA UEPG","Jeniffer Caroline Kalisz","Antonio Liccardo"
"Manhã 2 (10:00)","10:30","E4","Expressão Heteróloga e Purificação da Enzima Gliceraldeído-3-Fosfato Desidrogenase De Babesia Bovis","Emelly Borkowski Galvao","Christiane Philippini Ferreira Borges"
"Manhã 2 (10:00)","10:45","E4","Identificação de fissuras em concreto por meio de redes neurais convolucionais","Luis Roberto Molotto","Luciano José Senger"
"Manhã 2 (10:00)","11:00","E4","ESTUDO DA DEPENDENCIA DA RESPOSTA ÓPTICA NÃO LINEAR DE NANOFLUIDOS PLASMONICOS COM A CAMADA ESTABILIZADORA DAS NANOPARTÍCULAS","Elizete Junges Patel","Sergio Leonardo Gomez"
"Tarde (14:00)","14:00","E1","OTIMIZAÇÃO DE ANÁLISE DO SINAL FOTOACÚSTICOS UTILIZANDO MACHINE LEARNING: UMA ABORDAGEM PARA CARACTERIZAÇÃO TÉRMICA DE MATERIAIS","Gabriel de Azevedo Zanini","Aloisi Somer"
"Tarde (14:00)","14:15","E1","AVALIAÇÃO DO POTENCIAL ANTIMICROBIANO DE TIOFENOCHALCONAS","Flavia Luciana dos Anjos","Barbara Celânia Fiorin"
"Tarde (14:00)","14:30","E1","ANÁLISE DE ERROS EM LIMITES: DIFICULDADES DE ALUNOS DE LICENCIATURA EM MATEMÁTICA","CAUAN CARDOZO DA COSTA","Jocemar de Quadros Chagas"
"Tarde (14:00)","14:45","E1","INTEGRAÇÃO DE DADOS CLIMÁTICOS PARA ANÁLISE DE IMPACTOS AMBIENTAIS NA AGRICULTURA","João Victor Shiramizu de Lima","Maria Salete Marcon Gomes Vaz"
"Tarde (14:00)","15:00","E1","COMPÓSITOS DE ZEÓLITAS / DIÓXIDO DE TITÂNIO PARA A REMOÇÃO DE POLUENTES EMERGENTES","Camila Antunes","Éder Carlos Ferreira de Souza"
"Tarde (14:00)","14:00","E2","DETERMINAÇÃO DAS PROPRIEDADES ESTRUTURAIS E ÓPTICAS DE VIDROS TELURETOS NO SISTEMA TeO2-BaO-ZnO","Ana Beatriz Burigo Felix","Andressa Novatski"
"Tarde (14:00)","14:15","E2","ESTUDO DAS PROPRIEDADES DE HIDROGÉIS DE POLISSACARÍDEOS","Rafael Munakata Gohda de Sant'ana","Ernandes Taveira Tenório Neto"
"Tarde (14:00)","14:30","E2","Explorando Mundos: Um Censo dos Exoplanetas Descobertos","Thiago Machado","Marcelo Emilio"
"Tarde (14:00)","14:45","E2","AVALIAÇÃO DA REMOÇÃO DO TRICLOSAN NAS ETAPAS DE TRATAMENTO DE ÁGUA PARA ABASTECIMENTO UTILIZANDO OZONIO","Iris Helena Benfica dos Reis","Sandro Xavier de Campos"
"Tarde (14:00)","14:00","E3","LÍQUIDOS QUIRAIS, DIFUSÃO E A QUESTÃO DO   MOMENTO LINEAR.","Joao Henrique Castro de Oliveira","Julio Flemming Neto"
"Tarde (14:00)","14:15","E3","OCORRÊNCIAS DE TORNADOS NO BRASIL NO ANO DE 2024","Maria Cristina Piotrovski","Karin Linete Hornes"
"Tarde (14:00)","14:30","E3","PROCEDIMENTOS DE SEGMENTAÇÃO NA DETERMINAÇÃO DE PROPRIEDADES FÍSICAS DO SOLO POR MICROTOMOGRAFIA DE RAIOS X","Rogerio Oliveira dos Santos","Luiz Fernando Pires"
"Tarde (14:00)","14:45","E3","PERCEPÇÕES SOBRE MENTALIDADES MATEMÁTICAS NO ENSINO SUPERIOR: UM ESTUDO DIAGNÓSTICO COM ACADÊMICOS DOS CURSOS DO SETOR DE CIÊNCIAS EXATAS E NATURAIS DE UMA UNIVERSIDADE PÚBLICA","Deise dos Santos Ferreira Campos","Scheila Valechenski Biehl"
